id,Studio,Week,Month,Day,Date,MTVisits,CPVisits, TotalVisits , EstVisits ,FirstTime,Capacity,Classes,Slots,Occ%,MTSales, CPSales ,NetSales,EstSales
1,JFW,3/2/25,25-Mar,Sat,3/1/25,132,44,176,,72,45,5,225,0.78,2748,469.27,3217.27,
2,JFW,3/2/25,25-Mar,Sun,3/2/25,104,24,128,,51,45,3,135,0.95,2755,291.6,3046.6,
3,JFW,3/9/25,25-Mar,Mon,3/3/25,163,56,219,,48,45,8,360,0.61,3289.8,562,3851.8,
4,JFW,3/9/25,25-Mar,Tue,3/4/25,111,70,181,,44,45,6,270,0.67,4785.64,748.17,5533.81,
5,JFW,3/9/25,25-Mar,Wed,3/5/25,168,72,240,,41,45,8,360,0.67,4087.28,729.96,4817.24,
6,JFW,3/9/25,25-Mar,Thu,3/6/25,178,38,216,,60,45,6,270,0.8,2192.95,449.5,2642.45,
7,JFW,3/9/25,25-Mar,Fri,3/7/25,111,70,181,,41,45,6,270,0.67,2393.59,792.12,3185.71,
8,JFW,3/9/25,25-Mar,Sat,3/8/25,164,17,181,,59,45,5,225,0.8,2470.68,195.84,2666.52,
9,JFW,3/9/25,25-Mar,Sun,3/9/25,97,13,110,,34,45,3,135,0.81,3068.85,84.6,3153.45,
10,JFW,3/16/25,25-Mar,Mon,3/10/25,177,61,238,,41,45,8,360,0.66,2552.25,681.13,3233.38,
11,JFW,3/16/25,25-Mar,Tue,3/11/25,157,25,182,,27,45,6,270,0.67,2938.79,290.1,3228.89,
12,JFW,3/16/25,25-Mar,Wed,3/12/25,158,43,201,,33,45,8,360,0.56,2719.36,474.85,3194.21,
13,JFW,3/16/25,25-Mar,Thu,3/13/25,143,29,172,,34,45,6,270,0.64,2571.08,294.17,2865.25,
14,JFW,3/16/25,25-Mar,Fri,3/14/25,132,53,185,,40,45,6,270,0.69,3122.96,614.86,3737.82,
15,JFW,3/16/25,25-Mar,Sat,3/15/25,86,48,134,,49,45,5,225,0.6,1050.34,433.36,1483.7,
16,JFW,3/16/25,25-Mar,Sun,3/16/25,65,4,69,,16,45,3,135,0.51,1223.56,32.6,1256.16,
17,JFW,3/23/25,25-Mar,Mon,3/17/25,141,49,190,,30,45,8,360,0.53,6581.94,501.68,7083.62,
18,JFW,3/23/25,25-Mar,Tue,3/18/25,90,48,138,,23,45,6,270,0.51,4672.4,545.44,5217.84,
19,JFW,3/23/25,25-Mar,Wed,3/19/25,148,52,200,,43,45,8,360,0.56,3489.33,577.07,4066.4,
20,JFW,3/23/25,25-Mar,Thu,3/20/25,106,59,165,,32,49,6,294,0.56,6038.21,643.04,6681.25,
21,JFW,3/23/25,25-Mar,Fri,3/21/25,114,59,173,,42,49,6,294,0.59,4259.48,597.03,4856.51,
22,JFW,3/23/25,25-Mar,Sat,3/22/25,145,24,169,,50,49,5,245,0.69,3443.27,280.85,3724.12,
23,JFW,3/23/25,25-Mar,Sun,3/23/25,90,12,102,,26,49,3,147,0.69,9856.84,146.38,10003.22,
24,JFW,3/30/25,25-Mar,Mon,3/24/25,167,91,258,,38,49,9,441,0.59,4980.01,986.24,5966.25,
25,JFW,3/30/25,25-Mar,Tue,3/25/25,144,50,194,,24,49,6,294,0.66,4930.15,532.22,5462.37,
26,JFW,3/30/25,25-Mar,Wed,3/26/25,200,53,253,,35,49,8,392,0.65,6763.32,590.57,7353.89,
27,JFW,3/30/25,25-Mar,Thu,3/27/25,146,33,179,,34,49,6,294,0.61,5460.54,372.08,5832.62,
28,JFW,3/30/25,25-Mar,Fri,3/28/25,137,53,190,,44,49,6,294,0.65,3503.05,531.15,4034.2,
29,JFW,3/30/25,25-Mar,Sat,3/29/25,178,12,190,,29,49,5,245,0.78,1527.51,130.84,1658.35,
30,JFW,3/30/25,25-Mar,Sun,3/30/25,110,11,121,,29,49,3,147,0.82,3155.79,125.15,3280.94,
31,JFW,4/6/25,25-Mar,Mon,3/31/25,206,69,275,,60,49,9,441,0.62,2928.24,679.94,3608.18,
32,JFW,4/6/25,25-Apr,Tue,4/1/25,180,40,220,,26,49,6,294,0.75,4653.23,461.34,5114.57,
33,JFW,4/6/25,25-Apr,Wed,4/2/25,191,43,234,,30,49,8,392,0.6,4355.96,480.16,4836.12,
34,JFW,4/6/25,25-Apr,Thu,4/3/25,172,30,202,,22,49,6,294,0.69,2601.82,327.47,2929.29,
35,JFW,4/6/25,25-Apr,Fri,4/4/25,156,28,184,,32,49,6,294,0.63,3679.82,273.98,3953.8,
36,JFW,4/6/25,25-Apr,Sat,4/5/25,182,5,187,,49,49,5,245,0.76,2899.03,54.94,2953.97,
37,JFW,4/6/25,25-Apr,Sun,4/6/25,108,5,113,,20,49,3,147,0.77,3011.4,74.04,3085.44,
38,JFW,4/13/25,25-Apr,Mon,4/7/25,189,50,239,,28,49,9,441,0.54,4498.81,494.91,4993.72,
39,JFW,4/13/25,25-Apr,Tue,4/8/25,170,21,191,,6,49,6,294,0.65,4157.56,236.8,4394.36,
40,JFW,4/13/25,25-Apr,Wed,4/9/25,188,39,227,,26,49,8,392,0.58,5254.89,432.4,5687.29,
41,JFW,4/13/25,25-Apr,Thu,4/10/25,180,20,200,,27,49,6,294,0.68,4353.65,222.22,4575.87,
42,JFW,4/13/25,25-Apr,Fri,4/11/25,159,20,179,,19,49,6,294,0.61,3131.41,219.55,3350.96,
43,JFW,4/13/25,25-Apr,Sat,4/12/25,167,13,180,,55,49,5,245,0.73,1708.09,124.16,1832.25,
44,JFW,4/13/25,25-Apr,Sun,4/13/25,92,5,97,,23,49,3,147,0.66,2233,42.58,2275.58,
45,JFW,4/20/25,25-Apr,Mon,4/14/25,234,46,280,,39,49,9,441,0.63,4870.16,527.87,5398.03,
46,JFW,4/20/25,25-Apr,Tue,4/15/25,171,26,197,,14,49,6,294,0.67,3188.44,285,3473.44,
47,JFW,4/20/25,25-Apr,Wed,4/16/25,156,48,204,,21,49,8,392,0.52,2983.44,516.94,3500.38,
48,JFW,4/20/25,25-Apr,Thu,4/17/25,171,25,196,,21,49,6,294,0.67,7724.63,319.37,8044,
49,JFW,4/20/25,25-Apr,Fri,4/18/25,176,26,202,,40,49,6,294,0.69,3899.56,325.19,4224.75,
50,JFW,4/20/25,25-Apr,Sat,4/19/25,170,11,181,,39,49,5,245,0.74,3823.63,129.97,3953.6,
51,JFW,4/20/25,25-Apr,Sun,4/20/25,47,1,64,,12,49,2,98,0.65,3390.44,10.4,3400.84,
52,JFW,4/27/25,25-Apr,Mon,4/21/25,226,52,278,,33,49,9,441,0.63,4929.43,576.7,5506.13,
53,JFW,4/27/25,25-Apr,Tue,4/22/25,209,17,226,,22,49,6,294,0.77,4557.32,200,4757.32,
54,JFW,4/27/25,25-Apr,Wed,4/23/25,218,22,240,,29,49,8,392,0.61,6973.79,248.28,7222.07,
55,JFW,4/27/25,25-Apr,Thu,4/24/25,193,10,203,,18,49,6,294,0.69,5019.66,98.43,5118.09,
56,JFW,4/27/25,25-Apr,Fri,4/25/25,142,20,162,,18,49,6,294,0.55,5674.03,284.41,5958.44,
57,JFW,4/27/25,25-Apr,Sat,4/26/25,166,5,171,,26,49,5,245,0.7,2756.02,62.28,2818.3,
58,JFW,4/27/25,25-Apr,Sun,4/27/25,101,22,123,,27,49,4,196,0.63,2433.94,209.05,2642.99,
59,JFW,5/4/25,25-Apr,Mon,4/28/25,204,15,219,,20,49,9,441,0.5,4437.1,157.47,4594.57,
60,JFW,5/4/25,25-Apr,Tue,4/29/25,209,5,214,,32,49,6,294,0.73,3066.96,66.31,3133.27,
61,JFW,5/4/25,25-Apr,Wed,4/30/25,216,25,241,,31,49,8,392,0.61,4482.03,267.49,4749.52,
62,JFW,5/4/25,25-May,Thu,5/1/25,184,9,193,,15,49,6,294,0.66,4253.75,103.18,4356.93,
63,JFW,5/4/25,25-May,Fri,5/2/25,156,22,178,,17,49,6,294,0.61,5303.89,290.44,5594.33,
64,JFW,5/4/25,25-May,Sat,5/3/25,158,12,170,,27,49,5,245,0.69,2496.58,143.84,2640.42,
65,JFW,5/4/25,25-May,Sun,5/4/25,106,13,119,,15,49,4,196,0.61,3417.51,130.29,3547.8,
66,JFW,5/11/25,25-May,Mon,5/5/25,207,33,240,,23,49,9,441,0.54,5473.6,353.08,5826.68,
67,JFW,5/11/25,25-May,Tue,5/6/25,223,10,233,,24,49,6,294,0.79,3695.93,127.57,3823.5,
68,JFW,5/11/25,25-May,Wed,5/7/25,239,25,264,,29,49,8,392,0.67,6285.22,325,6610.22,
69,JFW,5/11/25,25-May,Thu,5/8/25,203,13,216,,24,49,6,294,0.73,5134.31,159.34,5293.65,
70,JFW,5/11/25,25-May,Fri,5/9/25,177,24,201,,25,49,6,294,0.68,4141,299.3,4440.3,
71,JFW,5/11/25,25-May,Sat,5/10/25,154,7,161,,30,49,5,245,0.66,2987,69.16,3056.16,
72,JFW,5/11/25,25-May,Sun,5/11/25,102,13,115,,12,49,4,196,0.59,4572.21,141.18,4713.39,
73,JFW,5/18/25,25-May,Mon,5/12/25,238,51,289,,26,49,9,441,0.66,3451.54,576.22,4027.76,
74,JFW,5/18/25,25-May,Tue,5/13/25,204,11,215,,26,49,6,294,0.73,4051.73,130.64,4182.37,
75,JFW,5/18/25,25-May,Wed,5/14/25,208,6,214,,21,49,8,392,0.55,3917.96,71.76,3989.72,
76,JFW,5/18/25,25-May,Thu,5/15/25,184,12,196,,14,49,6,294,0.67,2801.69,161.32,2963.01,
77,JFW,5/18/25,25-May,Fri,5/16/25,165,16,181,,18,49,6,294,0.62,2596.7,234,2830.7,
78,JFW,5/18/25,25-May,Sat,5/17/25,167,8,175,,41,49,5,245,0.71,6454.4,83,6537.4,
79,JFW,5/18/25,25-May,Sun,5/18/25,103,18,121,,26,49,4,196,0.62,2863.04,190.84,3053.88,
80,JFW,5/25/25,25-May,Mon,5/19/25,204,40,244,,45,49,9,441,0.55,5168,405.06,5573.06,
81,JFW,5/25/25,25-May,Tue,5/20/25,182,11,193,,12,49,6,294,0.66,4764.21,140,4904.21,
82,JFW,5/25/25,25-May,Wed,5/21/25,205,40,245,,31,49,8,392,0.63,4788,385,5173,
83,JFW,5/25/25,25-May,Thu,5/22/25,175,35,210,,16,49,6,294,0.71,4135.16,400,4535.16,
84,JFW,5/25/25,25-May,Fri,5/23/25,156,22,178,,11,49,6,294,0.61,5969.16,302,6271.16,
85,JFW,5/25/25,25-May,Sat,5/24/25,124,7,131,,15,49,5,245,0.53,2671.69,91,2762.69,
86,JFW,5/25/25,25-May,Sun,5/25/25,95,12,107,,12,49,4,196,0.55,5294.56,122.98,5417.54,
87,JFW,6/1/25,25-May,Mon,5/26/25,157,31,188,,34,49,9,441,0.43,3362,379.4,3741.4,
88,JFW,6/1/25,25-May,Tue,5/27/25,155,20,175,,8,49,6,294,0.6,3735.72,270,4005.72,
89,JFW,6/1/25,25-May,Wed,5/28/25,201,11,212,,14,49,8,392,0.54,4630.21,117,4747.21,
90,JFW,6/1/25,25-May,Thu,5/29/25,205,1,206,,18,49,6,294,0.7,2644.24,20.16,2664.4,
91,JFW,6/1/25,25-May,Fri,5/30/25,184,1,185,,23,49,6,294,0.63,3240,0,3240,
92,JFW,6/1/25,25-May,Sat,5/31/25,168,5,173,,28,49,5,245,0.71,2739,43,2782,
93,JFW,6/1/25,25-Jun,Sun,6/1/25,129,14,143,,20,49,4,196,0.73,6765.99,145.34,6911.33,
94,JFW,6/8/25,25-Jun,Mon,6/2/25,249,6,255,,29,49,9,441,0.58,5355,56.16,5411.16,
95,JFW,6/8/25,25-Jun,Tue,6/3/25,217,5,222,,20,49,6,294,0.76,2587.53,57,2644.53,
96,JFW,6/8/25,25-Jun,Wed,6/4/25,241,17,258,,23,45,8,360,0.72,4491.34,184.08,4675.42,
97,JFW,6/8/25,25-Jun,Thu,6/5/25,207,5,212,,17,45,6,270,0.79,4250,58.24,4308.24,
98,JFW,6/8/25,25-Jun,Fri,6/6/25,172,0,172,,11,45,6,270,0.64,3742,0,3742,
99,JFW,6/8/25,25-Jun,Sat,6/7/25,170,0,170,,31,45,5,225,0.76,4898,0,4898,
100,JFW,6/8/25,25-Jun,Sun,6/8/25,140,9,149,,24,45,3,135,1.1,4595.24,0,4595.24,
101,JFW,6/15/25,25-Jun,Mon,6/9/25,240,55,295,,45,45,10,450,0.66,5317,506.22,5823.22,
102,JFW,6/15/25,25-Jun,Tue,6/10/25,224,28,252,,27,45,6,270,0.93,4137,264,4401,
103,JFW,6/15/25,25-Jun,Wed,6/11/25,239,17,256,,31,45,8,360,0.71,5168,166,5334,
104,JFW,6/15/25,25-Jun,Thu,6/12/25,224,27,251,,26,45,6,270,0.93,4074,278,4352,
105,JFW,6/15/25,25-Jun,Fri,6/13/25,178,11,189,,34,45,6,270,0.7,3661,114,3775,
106,JFW,6/15/25,25-Jun,Sat,6/14/25,148,0,148,,25,45,5,225,0.66,3150,0,3150,
107,JFW,6/15/25,25-Jun,Sun,6/15/25,150,0,150,,13,45,3,135,1.11,4234.41,0,4234.41,
108,JFW,6/22/25,25-Jun,Mon,6/16/25,214,33,247,,26,45,10,450,0.55,3567.93,357,3924.93,
109,JFW,6/22/25,25-Jun,Tue,6/17/25,216,9,225,,14,45,7,315,0.71,6603,101,6704,
110,JFW,6/22/25,25-Jun,Wed,6/18/25,195,23,218,,17,45,9,405,0.54,4999.66,223,5222.66,
111,JFW,6/22/25,25-Jun,Thu,6/19/25,217,17,234,,35,45,8,360,0.65,4615,167,4782,
112,JFW,6/22/25,25-Jun,Fri,6/20/25,153,37,190,,33,45,7,315,0.6,6719,406,7125,
113,JFW,6/22/25,25-Jun,Sat,6/21/25,152,0,152,,31,45,4,180,0.84,4073,0,4073,
114,JFW,6/22/25,25-Jun,Sun,6/22/25,139,0,139,,24,45,5,225,0.62,4292,0,4292,
115,JFW,6/29/25,25-Jun,Mon,6/23/25,221,32,253,,24,45,10,450,0.56,6018,342,6360,
116,JFW,6/29/25,25-Jun,Tue,6/24/25,196,12,208,,21,45,7,315,0.66,4728.11,126.36,4854.47,
117,JFW,6/29/25,25-Jun,Wed,6/25/25,255,6,261,,19,45,8,360,0.73,3613,52,3665,
118,JFW,6/29/25,25-Jun,Thu,6/26/25,198,20,218,,22,45,8,360,0.61,3475,199,3674,
119,JFW,6/29/25,25-Jun,Fri,6/27/25,168,10,178,,16,45,7,315,0.57,3623,117,3740,
120,JFW,6/29/25,25-Jun,Sat,6/28/25,147,0,147,,20,45,4,180,0.82,4581.13,0,4581.13,
121,JFW,6/29/25,25-Jun,Sun,6/29/25,165,0,165,,32,45,5,225,0.73,2378.05,0,2378.05,
122,JFW,7/6/25,25-Jun,Mon,6/30/25,245,25,270,,23,45,10,450,0.6,6915.7,292.76,7208.46,
123,JFW,7/6/25,25-Jul,Tue,7/1/25,214,13,227,,15,45,7,315,0.72,7270.72,134.16,7404.88,
124,JFW,7/6/25,25-Jul,Wed,7/2/25,236,0,236,,20,45,8,360,0.66,4099.86,0,4099.86,
125,JFW,7/6/25,25-Jul,Thu,7/3/25,172,35,207,,23,45,8,360,0.58,3216,350,3566,
126,JFW,7/6/25,25-Jul,Fri,7/4/25,204,0,204,,34,45,7,315,0.65,4547.24,0,4547.24,
127,JFW,7/6/25,25-Jul,Sat,7/5/25,145,0,145,,25,45,4,180,0.81,3583,0,3583,
128,JFW,7/6/25,25-Jul,Sun,7/6/25,122,0,122,,10,45,5,225,0.54,3695.04,0,3695.04,
129,JFW,7/13/25,25-Jul,Mon,7/7/25,223,21,244,,15,45,10,450,0.54,5565.97,227.3,5793.27,
130,JFW,7/13/25,25-Jul,Tue,7/8/25,184,21,205,,21,45,7,315,0.65,4477.68,247,4724.68,
131,JFW,7/13/25,25-Jul,Wed,7/9/25,203,10,213,,15,45,8,360,0.59,5035.27,116.48,5151.75,
132,JFW,7/13/25,25-Jul,Thu,7/10/25,205,27,232,,13,45,8,360,0.64,3794.48,311.74,4106.22,
133,JFW,7/13/25,25-Jul,Fri,7/11/25,164,5,169,,15,45,7,315,0.54,4863.19,60.4,4923.59,
134,JFW,7/13/25,25-Jul,Sat,7/12/25,156,4,160,,28,45,4,180,0.89,2478.2,53.88,2532.08,
135,JFW,7/13/25,25-Jul,Sun,7/13/25,159,1,160,,19,45,5,225,0.71,3337.67,10.4,3348.07,
136,JFW,7/20/25,25-Jul,Mon,7/14/25,204,24,228,,23,45,10,450,0.51,4890.11,312.54,5202.65,
137,JFW,7/20/25,25-Jul,Tue,7/15/25,204,24,228,,17,45,7,315,0.72,3815.13,232.24,4047.37,
138,JFW,7/20/25,25-Jul,Wed,7/16/25,213,18,231,,21,45,8,360,0.64,2748.08,185.38,2933.46,
139,JFW,7/20/25,25-Jul,Thu,7/17/25,229,20,249,,9,45,8,360,0.69,5580.59,216.32,5796.91,
140,JFW,7/20/25,25-Jul,Fri,7/18/25,207,14,221,,9,45,7,315,0.7,4728,139.1,4867.1,
141,JFW,7/20/25,25-Jul,Sat,7/19/25,186,10,196,,9,45,4,180,1.09,3383,127.4,3510.4,
142,JFW,7/20/25,25-Jul,Sun,7/20/25,158,0,158,,9,45,5,225,0.7,5411,0,5411,
143,JFW,7/27/25,25-Jul,Mon,7/21/25,273,20,293,,9,45,10,450,0.65,5780,222,6002,
144,JFW,7/27/25,25-Jul,Tue,7/22/25,243,5,248,,18,45,7,315,0.79,4526,52,4578,
145,JFW,7/27/25,25-Jul,Wed,7/23/25,243,5,248,,11,45,8,360,0.69,5432,59.8,5491.8,
146,JFW,7/27/25,25-Jul,Thu,7/24/25,225,14,239,,21,45,8,360,0.66,4411.59,126.88,4538.47,
147,JFW,7/27/25,25-Jul,Fri,7/25/25,205,7,212,,13,45,7,315,0.67,4184.4,74.88,4259.28,
148,JFW,7/27/25,25-Jul,Sat,7/26/25,171,0,171,,17,45,4,180,0.95,2988,0,2988,
149,JFW,7/27/25,25-Jul,Sun,7/27/25,180,3,183,,26,45,5,225,0.81,2756,31.2,2787.2,
150,JFW,8/3/25,25-Jul,Mon,7/28/25,240,6,246,,9,45,10,450,0.55,4345,62.4,4407.4,
151,JFW,8/3/25,25-Jul,Tue,7/29/25,216,9,225,,19,45,7,315,0.71,3607.59,109.72,3717.31,
152,JFW,8/3/25,25-Jul,Wed,7/30/25,229,23,252,,15,45,8,360,0.7,4234,221.26,4455.26,
153,JFW,8/3/25,25-Jul,Thu,7/31/25,224,23,247,,10,45,8,360,0.69,3860,260.92,4120.92,
154,JFW,8/3/25,25-Aug,Fri,8/1/25,226,8,234,,25,45,7,315,0.74,5135,79.3,5214.3,
155,JFW,8/3/25,25-Aug,Sat,8/2/25,166,0,166,,18,45,4,180,0.92,3199,0,3199,
156,JFW,8/3/25,25-Aug,Sun,8/3/25,209,4,213,,25,45,5,225,0.95,2338,41.6,2379.6,
157,JFW,8/10/25,25-Aug,Mon,8/4/25,227,6,233,,10,45,10,450,0.52,5776,67.08,5843.08,
158,JFW,8/10/25,25-Aug,Tue,8/5/25,215,21,236,,13,45,8,360,0.66,4497,109.68,4606.68,
159,JFW,8/10/25,25-Aug,Wed,8/6/25,248,15,263,,17,45,9,405,0.65,4084,68.8,4152.8,
160,JFW,8/10/25,25-Aug,Thu,8/7/25,229,19,248,,10,45,8,360,0.69,5122,180.7,5302.7,
161,JFW,8/10/25,25-Aug,Fri,8/8/25,182,24,206,,13,45,7,315,0.65,4110,266.24,4376.24,
162,JFW,8/10/25,25-Aug,Sat,8/9/25,172,0,172,,22,45,4,180,0.96,3429,0,3429,
163,JFW,8/10/25,25-Aug,Sun,8/10/25,169,0,169,,16,45,5,225,0.75,3324,0,3324,
164,JFW,8/17/25,25-Aug,Mon,8/11/25,246,33,279,,14,45,10,450,0.62,4859,321.56,5180.56,
165,JFW,8/17/25,25-Aug,Tue,8/12/25,203,6,209,,18,45,8,360,0.58,4054,63.44,4117.44,
166,JFW,8/17/25,25-Aug,Wed,8/13/25,217,16,233,,11,45,9,405,0.58,4400,170.62,4570.62,
167,JFW,8/17/25,25-Aug,Thu,8/14/25,248,11,259,,16,45,8,360,0.72,4811,106.82,4917.82,
168,JFW,8/17/25,25-Aug,Fri,8/15/25,190,3,193,,13,45,7,315,0.61,3799,54.19,3853.19,
169,JFW,8/17/25,25-Aug,Sat,8/16/25,169,0,169,,21,45,4,180,0.94,2150,0,2150,
170,JFW,8/17/25,25-Aug,Sun,8/17/25,198,0,198,,17,45,5,225,0.88,7224,0,7224,
171,JFW,8/24/25,25-Aug,Mon,8/18/25,250,26,276,,22,45,10,450,0.61,5808,295.59,6103.59,
172,JFW,8/24/25,25-Aug,Tue,8/19/25,215,11,226,,17,45,8,360,0.63,5013,107.69,5120.69,
173,JFW,8/24/25,25-Aug,Wed,8/20/25,235,12,247,,13,45,9,405,0.61,6937,161.96,7098.96,
174,JFW,8/24/25,25-Aug,Thu,8/21/25,247,5,252,,20,45,8,360,0.7,4366,52,4418,
175,JFW,8/24/25,25-Aug,Fri,8/22/25,211,9,220,,21,45,7,315,0.7,4172,93.6,4265.6,
176,JFW,8/24/25,25-Aug,Sat,8/23/25,179,0,179,,16,45,4,180,0.99,5707,0,5707,
177,JFW,8/24/25,25-Aug,Sun,8/24/25,207,0,207,,37,45,5,225,0.92,3957,0,3957,
178,JFW,8/31/25,25-Aug,Mon,8/25/25,274,17,291,,18,45,10,450,0.65,5324.8,167.81,5492.61,
179,JFW,8/31/25,25-Aug,Tue,8/26/25,223,0,223,,16,45,8,360,0.62,3414,0,3414,
180,JFW,8/31/25,25-Aug,Wed,8/27/25,241,0,241,,15,45,9,405,0.6,3112,0,3112,
181,JFW,8/31/25,25-Aug,Thu,8/28/25,240,8,248,,6,45,8,360,0.69,4274,94.54,4368.54,
182,JFW,8/31/25,25-Aug,Fri,8/29/25,171,18,189,,12,45,7,315,0.6,3456,127.08,3583.08,
183,JFW,8/31/25,25-Aug,Sat,8/30/25,180,0,180,,6,45,4,180,1,4543,0,4543,
184,JFW,8/31/25,25-Aug,Sun,8/31/25,175,0,175,,23,45,5,225,0.78,3756,0,3756,
185,JFW,9/7/25,25-Sep,Mon,9/1/25,264,47,311,,30,45,10,450,0.69,5930,495.16,6425.16,
186,JFW,9/7/25,25-Sep,Tue,9/2/25,205,12,217,,11,45,8,360,0.6,4915,118.96,5033.96,
187,JFW,9/7/25,25-Sep,Wed,9/3/25,246,14,260,,12,45,9,405,0.64,3198,141.17,3339.17,
188,JFW,9/7/25,25-Sep,Thu,9/4/25,235,8,243,,18,45,8,360,0.68,5284,88.23,5372.23,
189,JFW,9/7/25,25-Sep,Fri,9/5/25,213,11,224,,18,45,7,315,0.71,4565,246.36,4811.36,
190,JFW,9/7/25,25-Sep,Sat,9/6/25,172,0,172,,11,45,4,180,0.96,3840,0,3840,
191,JFW,9/7/25,25-Sep,Sun,9/7/25,201,11,212,,27,45,5,225,0.94,5830,104,5934,
192,JFW,9/14/25,25-Sep,Mon,9/8/25,248,18,266,,23,45,10,450,0.59,6795,206.17,7001.17,
193,JFW,9/14/25,25-Sep,Tue,9/9/25,244,7,251,,13,45,8,360,0.7,4190,268.78,4458.78,
194,JFW,9/14/25,25-Sep,Wed,9/10/25,228,10,238,,11,45,9,405,0.59,3763,108.48,3871.48,
195,JFW,9/14/25,25-Sep,Thu,9/11/25,225,37,262,,9,45,8,360,0.73,4201,449.16,4650.16,
196,JFW,9/14/25,25-Sep,Fri,9/12/25,176,17,193,,10,45,7,315,0.61,3389,191.09,3580.09,
197,JFW,9/14/25,25-Sep,Sat,9/13/25,158,0,158,,19,45,4,180,0.88,3753,0,3753,
198,JFW,9/14/25,25-Sep,Sun,9/14/25,155,8,163,,18,45,5,225,0.72,3666,73.74,3739.74,
199,JFW,9/21/25,25-Sep,Mon,9/15/25,235,30,265,,17,45,10,450,0.59,5841,335.15,6176.15,
200,JFW,9/21/25,25-Sep,Tue,9/16/25,218,15,233,,6,45,8,360,0.65,3144,156.47,3300.47,
201,JFW,9/21/25,25-Sep,Wed,9/17/25,240,12,252,,13,45,9,405,0.62,5697,127.15,5824.15,
202,JFW,9/21/25,25-Sep,Thu,9/18/25,216,25,241,,22,45,8,360,0.67,5449,330.1,5779.1,
203,JFW,9/21/25,25-Sep,Fri,9/19/25,182,36,218,,24,45,7,315,0.69,5849,366.33,6215.33,
204,JFW,9/21/25,25-Sep,Sat,9/20/25,141,0,141,,14,45,4,180,0.78,4848,0,4848,
205,JFW,9/21/25,25-Sep,Sun,9/21/25,172,3,175,,19,45,5,225,0.78,4600,20.8,4620.8,
206,JFW,9/28/25,25-Sep,Mon,9/22/25,260,12,272,,15,45,10,450,0.6,5218,120.07,5338.07,
207,JFW,9/28/25,25-Sep,Tue,9/23/25,203,26,229,,6,45,8,360,0.64,6533,260.94,6793.94,
208,JFW,9/28/25,25-Sep,Wed,9/24/25,258,29,287,,12,45,9,405,0.71,5465,336.69,5801.69,
209,JFW,9/28/25,25-Sep,Thu,9/25/25,233,34,267,,21,45,8,360,0.74,5687,336.21,6023.21,
210,JFW,9/28/25,25-Sep,Fri,9/26/25,161,39,200,,13,45,7,315,0.63,3413,348.15,3761.15,
211,JFW,9/28/25,25-Sep,Sat,9/27/25,157,0,157,,18,45,4,180,0.87,3948,0,3948,
212,JFW,9/28/25,25-Sep,Sun,9/28/25,200,3,203,,28,45,5,225,0.9,2894,39.85,2933.85,
213,JFW,10/5/25,25-Sep,Mon,9/29/25,253,40,293,,9,45,10,450,0.65,3254,397.73,3651.73,
214,JFW,10/5/25,25-Sep,Tue,9/30/25,218,18,236,,7,45,8,360,0.66,9047,172.03,9219.03,
215,JFW,10/5/25,25-Oct,Wed,10/1/25,268,49,317,,19,45,9,405,0.78,9096.6,440.96,9537.56,
216,JFW,10/5/25,25-Oct,Thu,10/2/25,270,11,281,,15,45,8,360,0.78,5217.6,121.31,5338.91,
217,JFW,10/5/25,25-Oct,Fri,10/3/25,229,40,269,,29,45,7,315,0.85,2672.9,368.76,3041.66,
218,JFW,10/5/25,25-Oct,Sat,10/4/25,160,0,160,,11,45,4,180,0.89,3207,0,3207,
219,JFW,10/5/25,25-Oct,Sun,10/5/25,216,8,224,,32,45,5,225,1,4937.84,83.2,5021.04,
220,JFW,10/12/25,25-Oct,Mon,10/6/25,295,21,316,,15,45,10,450,0.7,5870.37,156.94,6027.31,
221,JFW,10/12/25,25-Oct,Tue,10/7/25,216,0,216,,5,45,8,360,0.6,5387.4,0,5387.4,
222,JFW,10/12/25,25-Oct,Wed,10/8/25,228,11,239,,7,45,9,405,0.59,4137.1,116.28,4253.38,
223,JFW,10/12/25,25-Oct,Thu,10/9/25,222,12,234,,10,45,8,360,0.65,4238,109.1,4347.1,
224,JFW,10/12/25,25-Oct,Fri,10/10/25,192,28,220,,12,45,7,315,0.7,4302,346.27,4648.27,
225,JFW,10/12/25,25-Oct,Sat,10/11/25,149,0,149,,14,45,4,180,0.83,2891,0,2891,
226,JFW,10/12/25,25-Oct,Sun,10/12/25,182,0,182,,19,45,5,225,0.81,3605.9,0,3605.9,
227,JFW,10/19/25,25-Oct,Mon,10/13/25,238,38,276,,15,45,10,450,0.61,4519,331.59,4850.59,
228,JFW,10/19/25,25-Oct,Tue,10/14/25,248,34,282,,17,45,8,360,0.78,4406,291,4697,
229,JFW,10/19/25,25-Oct,Wed,10/15/25,241,39,280,,14,45,9,405,0.69,4441,364,4805,
230,JFW,10/19/25,25-Oct,Thu,10/16/25,236,9,245,,9,45,8,360,0.68,3289,88.87,3377.87,
231,JFW,10/19/25,25-Oct,Fri,10/17/25,184,26,210,,14,45,7,315,0.67,5807.4,275.42,6082.82,
232,JFW,10/19/25,25-Oct,Sat,10/18/25,177,0,177,,20,45,4,180,0.98,4151,0,4151,
233,JFW,10/19/25,25-Oct,Sun,10/19/25,168,0,168,,15,45,5,225,0.75,4248,0,4248,
234,JFW,10/26/25,25-Oct,Mon,10/20/25,285,10,295,,17,45,10,450,0.66,6085,109.5,6194.5,
235,JFW,10/26/25,25-Oct,Tue,10/21/25,233,14,247,,6,45,8,360,0.69,5524,145.6,5669.6,
236,JFW,10/26/25,25-Oct,Wed,10/22/25,244,6,250,,16,45,9,405,0.62,5065,52,5117,
237,JFW,10/26/25,25-Oct,Thu,10/23/25,239,9,248,,7,45,8,360,0.69,5412,73.27,5485.27,
238,JFW,10/26/25,25-Oct,Fri,10/24/25,172,14,186,,11,45,7,315,0.59,4218,114.4,4332.4,
239,JFW,10/26/25,25-Oct,Sat,10/25/25,175,0,175,,22,45,4,180,0.97,3507,0,3507,
240,JFW,10/26/25,25-Oct,Sun,10/26/25,177,0,177,,14,45,5,225,0.79,3348,0,3348,
241,JFW,11/2/25,25-Oct,Mon,10/27/25,262,34,296,,21,45,10,450,0.66,4643,364.68,5007.68,
242,JFW,11/2/25,25-Oct,Tue,10/28/25,231,19,250,,15,45,8,360,0.69,3558,180.62,3738.62,
243,JFW,11/2/25,25-Oct,Wed,10/29/25,241,54,295,,21,45,9,405,0.73,2122,548.8,2670.8,
244,JFW,11/2/25,25-Oct,Thu,10/30/25,244,16,260,,10,45,8,360,0.72,5247,216.74,5463.74,
245,JFW,11/2/25,25-Oct,Fri,10/31/25,194,15,209,,6,45,7,315,0.66,2146,158.28,2304.28,
246,JFW,11/2/25,25-Nov,Sat,11/1/25,155,0,155,,3,45,4,180,0.86,4832,0,4832,
247,JFW,11/2/25,25-Nov,Sun,11/2/25,193,7,200,,13,45,5,225,0.89,4344,84,4428,
248,JFW,11/9/25,25-Nov,Mon,11/3/25,270,61,331,,23,45,10,450,0.74,2145,795.69,2940.69,
249,JFW,11/9/25,25-Nov,Tue,11/4/25,218,51,269,,15,45,8,360,0.75,5325,586.48,5911.48,
250,JFW,11/9/25,25-Nov,Wed,11/5/25,219,21,240,,10,45,9,405,0.59,4613,225.48,4838.48,
251,JFW,11/9/25,25-Nov,Thu,11/6/25,227,29,256,,9,45,8,360,0.71,4791,337.78,5128.78,
252,JFW,11/9/25,25-Nov,Fri,11/7/25,170,15,185,,10,45,7,315,0.59,5564,137.36,5701.36,
253,JFW,11/9/25,25-Nov,Sat,11/8/25,130,0,130,,13,45,4,180,0.72,3075,0,3075,
254,JFW,11/9/25,25-Nov,Sun,11/9/25,143,0,143,,17,45,5,225,0.64,4011,0,4011,
255,JFW,11/16/25,25-Nov,Mon,11/10/25,241,36,277,,20,45,10,450,0.62,4668,424.28,5092.28,
256,JFW,11/16/25,25-Nov,Tue,11/11/25,193,33,226,,11,45,8,360,0.63,2971,386.36,3357.36,
257,JFW,11/16/25,25-Nov,Wed,11/12/25,222,20,242,,11,45,9,405,0.6,3356,203.08,3559.08,
258,JFW,11/16/25,25-Nov,Thu,11/13/25,213,27,240,,7,45,8,360,0.67,3459,290.4,3749.4,
259,JFW,11/16/25,25-Nov,Fri,11/14/25,184,28,212,,19,45,7,315,0.67,4000,364,4364,
260,JFW,11/16/25,25-Nov,Sat,11/15/25,164,0,164,,16,45,4,180,0.91,3504,0,3504,
261,JFW,11/16/25,25-Nov,Sun,11/16/25,136,0,136,,4,45,6,270,0.5,3568,0,3568,
262,JFW,11/23/25,25-Nov,Mon,11/17/25,250,49,299,,18,45,10,450,0.66,5979,559.09,6538.09,
263,JFW,11/23/25,25-Nov,Tue,11/18/25,209,37,246,,11,45,8,360,0.68,5550,446.68,5996.68,
264,JFW,11/23/25,25-Nov,Wed,11/19/25,219,12,231,,11,45,9,405,0.57,4839,158.28,4997.28,
265,JFW,11/23/25,25-Nov,Thu,11/20/25,203,25,228,,11,45,8,360,0.63,6360,293.78,6653.78,
266,JFW,11/23/25,25-Nov,Fri,11/21/25,170,48,218,,14,45,7,315,0.69,4365,511.08,4876.08,
267,JFW,11/23/25,25-Nov,Sat,11/22/25,150,0,150,,20,45,4,180,0.83,5192,0,5192,
268,JFW,11/23/25,25-Nov,Sun,11/23/25,144,2,146,,11,45,5,225,0.65,5230,22.4,5252.4,
269,JFW,11/30/25,25-Nov,Mon,11/24/25,225,35,260,,25,45,10,450,0.58,5504,126,5630,
270,JFW,11/30/25,25-Nov,Tue,11/25/25,189,14,203,,10,45,8,360,0.56,3451,154,3605,
271,JFW,11/30/25,25-Nov,Wed,11/26/25,203,27,230,,11,45,9,405,0.57,3317,300.74,3617.74,
272,JFW,11/30/25,25-Nov,Thu,11/27/25,125,0,125,,9,45,3,135,0.93,3568,0,3568,
273,JFW,11/30/25,25-Nov,Fri,11/28/25,145,15,160,,20,45,7,315,0.51,4532,168,4700,
274,JFW,11/30/25,25-Nov,Sat,11/29/25,133,2,135,,10,45,4,180,0.75,1625,28,1653,
275,JFW,11/30/25,25-Nov,Sun,11/30/25,0,0,0,,0,0,0,0,0,5479,0,5479,
276,JFW,12/7/25,25-Dec,Mon,12/1/25,236,29,265,,16,45,9,405,0.65,7257,324.8,7581.8,
277,JFW,12/7/25,25-Dec,Tue,12/2/25,201,10,211,,12,45,8,360,0.59,4624,105.24,4729.24,
278,JFW,12/7/25,25-Dec,Wed,12/3/25,234,27,261,,13,45,9,405,0.64,2733,100.8,2833.8,
279,JFW,12/7/25,25-Dec,Thu,12/4/25,228,23,251,,14,45,8,360,0.7,3923,287.4,4210.4,
280,JFW,12/7/25,25-Dec,Fri,12/5/25,176,15,191,,15,45,7,315,0.61,4404,180.84,4584.84,
281,JFW,12/7/25,25-Dec,Sat,12/6/25,158,0,158,,10,45,4,180,0.88,4062,0,4062,
282,JFW,12/7/25,25-Dec,Sun,12/7/25,190,6,196,,7,45,5,225,0.87,5006,70.16,5076.16,
283,JFW,12/14/25,25-Dec,Mon,12/8/25,234,31,265,,7,45,10,450,0.59,3988,338.78,4326.78,
284,JFW,12/14/25,25-Dec,Tue,12/9/25,239,42,281,,11,45,8,360,0.78,2839,468.25,3307.25,
285,JFW,12/14/25,25-Dec,Wed,12/10/25,197,13,210,,5,45,9,405,0.52,3542,119.24,3661.24,
286,JFW,12/14/25,25-Dec,Thu,12/11/25,182,42,224,,16,45,8,360,0.62,2811,474.42,3285.42,
287,JFW,12/14/25,25-Dec,Fri,12/12/25,138,15,153,,9,45,7,315,0.49,3347,151.52,3498.52,
288,JFW,12/14/25,25-Dec,Sat,12/13/25,149,2,151,,14,45,4,180,0.84,2203,22.4,2225.4,
289,JFW,12/14/25,25-Dec,Sun,12/14/25,132,9,141,,15,45,5,225,0.63,3512,110.68,3622.68,
290,JFW,12/21/25,25-Dec,Mon,12/15/25,187,37,224,,9,45,10,450,0.5,3343,409.12,3752.12,
291,JFW,12/21/25,25-Dec,Tue,12/16/25,180,20,200,,13,45,8,360,0.56,2563,265.15,2828.15,
292,JFW,12/21/25,25-Dec,Wed,12/17/25,155,50,205,,10,45,9,405,0.51,4622,542.04,5164.04,
293,JFW,12/21/25,25-Dec,Thu,12/18/25,169,27,196,,7,45,8,360,0.54,3560,308.47,3868.47,
294,JFW,12/21/25,25-Dec,Fri,12/19/25,149,24,173,,11,45,7,315,0.55,4507,270.44,4777.44,
295,JFW,12/21/25,25-Dec,Sat,12/20/25,85,44,129,,10,45,4,180,0.72,3421,438.26,3859.26,
296,JFW,12/21/25,25-Dec,Sun,12/21/25,115,49,164,,20,45,5,225,0.73,4598,489.31,5087.31,
297,JFW,12/28/25,25-Dec,Mon,12/22/25,189,53,242,,15,45,10,450,0.54,4887,565.41,5452.41,
298,JFW,12/28/25,25-Dec,Tue,12/23/25,160,37,197,,17,45,8,360,0.55,4904,356.08,5260.08,
299,JFW,12/28/25,25-Dec,Wed,12/24/25,169,13,182,,9,45,5,225,0.81,3612,211.1,3823.1,
300,JFW,12/28/25,25-Dec,Thu,12/25/25,0,0,0,,0,45,0,0,0,2897,0,2897,
301,JFW,12/28/25,25-Dec,Fri,12/26/25,169,20,189,,26,45,6,270,0.7,3220,214.28,3434.28,
302,JFW,12/28/25,25-Dec,Sat,12/27/25,133,5,138,,11,45,4,180,0.77,4649,44.8,4693.8,
303,JFW,12/28/25,25-Dec,Sun,12/28/25,172,32,204,,23,45,5,225,0.91,3587,319.52,3906.52,
304,JFW,1/4/26,25-Dec,Mon,12/29/25,176,28,204,,6,45,8,360,0.57,2647,392,3039,
305,JFW,1/4/26,25-Dec,Tue,12/30/25,197,22,219,,12,45,8,360,0.61,4923,215.6,5138.6,
306,JFW,1/4/26,25-Dec,Wed,12/31/25,173,8,181,,5,45,4,180,1.01,3141,89.6,3230.6,
307,JFW,1/4/26,26-Jan,Thu,1/1/26,121,7,128,323.95,3,45,3,135,0.95,5687,134,5821,"$6,994 "
308,JFW,1/4/26,26-Jan,Fri,1/2/26,195,18,213,259.43,18,45,7,315,0.68,5905,194,6099,"$6,416 "
309,JFW,1/4/26,26-Jan,Sat,1/3/26,186,0,186,239.27,4,45,4,180,1.03,2784,0,2784,"$8,239 "
310,JFW,1/4/26,26-Jan,Sun,1/4/26,242,27,269,228.51,30,45,7,315,0.85,5949,309,6258,"$3,888 "
311,JFW,1/11/26,26-Jan,Mon,1/5/26,281,19,300,159.96,30,45,9,405,0.74,6559,210,6769,"$5,225 "
312,JFW,1/11/26,26-Jan,Tue,1/6/26,251,10,261,322.61,9,45,8,360,0.73,4903,112,5015,"$8,581 "
313,JFW,1/11/26,26-Jan,Wed,1/7/26,217,51,268,313.2,11,45,9,405,0.66,7289,590.49,7879.49,"$5,631 "
314,JFW,1/11/26,26-Jan,Thu,1/8/26,297,33,330,354.87,21,45,8,360,0.92,5820,300.38,6120.38,"$9,735 "
315,JFW,1/11/26,26-Jan,Fri,1/9/26,249,18,267,290.35,16,45,7,315,0.85,4555,176.4,4731.4,"$7,796 "
316,JFW,1/11/26,26-Jan,Sat,1/10/26,180,0,180,270.18,12,45,4,180,1,4537,0,4537,"$6,539 "
317,JFW,1/11/26,26-Jan,Sun,1/11/26,277,20,297,216.42,37,45,7,315,0.94,6052,196,6248,"$4,501 "
318,JFW,1/18/26,26-Jan,Mon,1/12/26,345,20,365,154.58,30,45,9,405,0.9,4691,227.64,4918.64,"$6,941 "
319,JFW,1/18/26,26-Jan,Tue,1/13/26,288,12,300,388.47,13,45,8,360,0.83,4830,132.8,4962.8,"$5,932 "
320,JFW,1/18/26,26-Jan,Wed,1/14/26,290,9,299,289,19,45,9,405,0.74,5947,107.05,6054.05,"$6,159 "
321,JFW,1/18/26,26-Jan,Thu,1/15/26,289,17,306,287.66,16,45,8,360,0.85,5121,170.8,5291.8,"$5,875 "
322,JFW,1/18/26,26-Jan,Fri,1/16/26,256,20,276,263.46,22,45,7,315,0.88,3610,306.4,3916.4,"$4,364 "
323,JFW,1/18/26,26-Jan,Sat,1/17/26,177,0,177,243.3,29,45,4,180,0.98,4943,0,4943,"$4,169 "
324,JFW,1/18/26,26-Jan,Sun,1/18/26,282,0,282,235.23,36,45,7,315,0.9,4123,0,4123,"$9,627 "
325,JFW,1/25/26,26-Jan,Mon,1/19/26,352,17,369,162.65,22,45,9,405,0.91,5916,167.3,6083.3,"$4,497 "
326,JFW,1/25/26,26-Jan,Tue,1/20/26,279,0,279,327.98,11,45,8,360,0.78,5146,0,5146,"$8,207 "
327,JFW,1/25/26,26-Jan,Wed,1/21/26,307,0,307,259.43,4,45,9,405,0.76,4169,0,4169,"$7,222 "
328,JFW,1/25/26,26-Jan,Thu,1/22/26,309,4,313,329.33,8,45,8,360,0.87,5108,44.8,5152.8,"$7,618 "
329,JFW,1/25/26,26-Jan,Fri,1/23/26,258,0,258,282.28,8,45,7,315,0.82,5471,0,5471,"$6,679 "
330,JFW,1/25/26,26-Jan,Sat,1/24/26,0,0,0,239.27,0,45,0,0,0,2967,0,2967,"$9,235 "
331,JFW,1/25/26,26-Jan,Sun,1/25/26,0,0,0,176.09,0,45,0,0,0,1483,0,1483,"$4,069 "
332,JFW,2/1/26,26-Jan,Mon,1/26/26,39,0,39,143.83,2,45,2,90,0.43,2264,0,2264,"$7,978 "
333,JFW,2/1/26,26-Jan,Tue,1/27/26,140,5,145,252.71,3,45,5,225,0.64,4837,48.6,4885.6,"$5,510 "
334,JFW,2/1/26,26-Jan,Wed,1/28/26,295,1,296,235.23,14,45,9,405,0.73,5604.8,14,5618.8,"$5,899 "
335,JFW,2/1/26,26-Jan,Thu,1/29/26,319,0,319,284.97,9,45,8,360,0.89,4778,0,4778,"$6,991 "
336,JFW,2/1/26,26-Jan,Fri,1/30/26,281,0,281,276.9,18,45,7,315,0.89,4183,0,4183,"$3,924 "
337,JFW,2/1/26,26-Jan,Sat,1/31/26,237,22,259,248.68,20,45,6,270,0.96,4213.6,265.72,4479.32,"$4,771 "
338,JFW,2/1/26,26-Feb,Sun,2/1/26,260,0,260,232.55,24,45,7,315,0.83,8296.2,0,8296.2,"$4,097 "
339,JFW,2/8/26,26-Feb,Mon,2/2/26,349,0,349,192.22,12,45,9,405,0.86,7328.4,0,7328.4,"$10,178 "
340,JFW,2/8/26,26-Feb,Tue,2/3/26,287,5,292,342.77,18,45,8,360,0.81,7213,44.8,7257.8,"$7,969 "
341,JFW,2/8/26,26-Feb,Wed,2/4/26,296,0,296,298.41,16,45,9,405,0.73,6045,0,6045,"$3,894 "
342,JFW,2/8/26,26-Feb,Thu,2/5/26,297,5,302,346.8,7,45,8,360,0.84,5615.8,56,5671.8,"$6,885 "
343,JFW,2/8/26,26-Feb,Fri,2/6/26,235,0,235,284.97,13,45,7,315,0.75,6085.2,0,6085.2,"$6,345 "
344,JFW,2/8/26,26-Feb,Sat,2/7/26,200,0,200,231.2,17,45,4,180,1.11,6388.4,0,6388.4,"$5,511 "
345,JFW,2/8/26,26-Feb,Sun,2/8/26,236,4,240,228.51,22,45,9,405,0.59,5477.8,73.07,5550.87,"$7,213 "
346,JFW,2/15/26,26-Feb,Mon,2/9/26,286,3,289,200.29,11,45,8,360,0.8,6665.6,33.6,6699.2,"$6,767 "
347,JFW,2/15/26,26-Feb,Tue,2/10/26,243,0,243,240.61,10,45,9,405,0.6,4830,0,4830,"$4,935 "
348,JFW,2/15/26,26-Feb,Wed,2/11/26,269,3,272,241.96,5,45,8,360,0.76,5491.2,33.6,5524.8,"$2,698 "
349,JFW,2/15/26,26-Feb,Thu,2/12/26,242,0,242,130.39,7,45,7,315,0.77,4132,0,4132,"$3,351 "
350,JFW,2/15/26,26-Feb,Fri,2/13/26,214,0,214,376.37,12,45,4,180,1.19,4390.2,0,4390.2,"$7,949 "
351,JFW,2/15/26,26-Feb,Sat,2/14/26,189,0,189,264.81,8,45,9,405,0.47,5683.2,0,5683.2,"$5,115 "
352,JFW,2/15/26,26-Feb,Sun,2/15/26,181,4,185,274.22,17,45,7,315,0.59,5025.2,45.6,5070.8,"$5,155 "
353,JFW,2/22/26,26-Feb,Mon,2/16/26,296,11,307,263.46,28,45,9,405,0.76,6328.8,137.2,6466,"$11,846 "
354,JFW,2/22/26,26-Feb,Tue,2/17/26,234,24,258,271.53,8,45,8,360,0.72,6957.8,349.54,7307.34,"$6,222 "
355,JFW,2/22/26,26-Feb,Wed,2/18/26,292,12,304,243.3,14,45,9,405,0.75,5172.8,128.75,5301.55,"$5,822 "
356,JFW,2/22/26,26-Feb,Thu,2/19/26,332,28,360,86.03,19,45,8,360,1,7207.6,388,7595.6,"$5,008 "
357,JFW,2/22/26,26-Feb,Fri,2/20/26,229,14,243,373.69,18,45,7,315,0.77,4184.4,232,4416.4,"$8,109 "
358,JBA,2/1/26,31-Jan,Fri,1/30/26,111,47,158,115.3864542,18,34,7,238,0.663865546,2481.7,363.47,2845.17,"$2,311 "
359,JBA,2/1/26,31-Jan,Sat,1/31/26,138,0,138,106.2287991,18,34,5,170,0.811764706,1774,0,1774,"$2,727 "
360,JBA,2/1/26,28-Feb,Sun,2/1/26,117,31,148,150.1855435,40,34,7,238,0.621848739,5558.26,284.4,5842.66,"$3,660 "
361,JBA,2/8/26,28-Feb,Mon,2/2/26,142,59,201,198.7211155,18,34,8,272,0.738970588,4526.3,619.33,5145.63,"$2,870 "
362,JBA,2/8/26,28-Feb,Tue,2/3/26,162,59,221,186.8161639,17,34,8,272,0.8125,2707,599.05,3306.05,"$3,237 "
363,JBA,2/8/26,28-Feb,Wed,2/4/26,136,86,222,200.5526466,28,34,8,272,0.816176471,2778.68,792.62,3571.3,"$4,103 "
364,JBA,2/8/26,28-Feb,Thu,2/5/26,133,76,209,163.0062607,13,34,8,272,0.768382353,2406.24,798.85,3205.09,"$2,666 "
365,JBA,2/8/26,28-Feb,Fri,2/6/26,130,63,193,116.3022197,21,34,7,238,0.81092437,3077,589.18,3666.18,"$2,383 "
366,JBA,2/8/26,28-Feb,Sat,2/7/26,197,27,224,111.7233921,42,34,5,170,1.317647059,2020.5,249.79,2270.29,"$3,434 "
367,JBA,2/8/26,28-Feb,Sun,2/8/26,69,44,113,138.2805919,18,34,7,238,0.474789916,1504.5,336.92,1841.42,"$3,093 "
368,JBA,2/15/26,28-Feb,Mon,2/9/26,94,75,169,179.4900398,10,34,8,272,0.621323529,3511.5,751.81,4263.31,"$3,227 "
369,JBA,2/15/26,28-Feb,Tue,2/10/26,148,54,202,192.310757,21,34,9,306,0.660130719,1862,567.41,2429.41,"$4,268 "
370,JBA,2/15/26,28-Feb,Wed,2/11/26,96,73,169,157.5116676,22,34,9,306,0.552287582,1920,648.56,2568.56,"$3,303 "
371,JBA,2/15/26,28-Feb,Thu,2/12/26,112,60,172,181.3215709,15,34,9,306,0.562091503,2334.57,558.9,2893.47,"$2,481 "
372,JBA,2/15/26,28-Feb,Fri,2/13/26,103,40,143,126.3756403,13,34,9,306,0.467320261,2782.54,452.78,3235.32,"$2,810 "
373,JBA,2/15/26,28-Feb,Sat,2/14/26,129,21,150,105.3130336,25,34,9,306,0.490196078,1639,222.51,1861.51,"$2,825 "
374,JBA,2/15/26,28-Feb,Sun,2/15/26,85,56,141,152.9328401,28,34,9,306,0.460784314,1499,621.12,2120.12,"$3,321 "
375,JBA,2/22/26,28-Feb,Mon,2/16/26,113,67,180,216.1206602,8,34,9,306,0.588235294,2485.04,822.96,3308,"$3,753 "
376,JBA,2/22/26,28-Feb,Tue,2/17/26,117,65,182,200.5526466,10,34,9,306,0.594771242,3104.32,805.01,3909.33,"$2,796 "
377,JBA,2/22/26,28-Feb,Wed,2/18/26,78,101,179,142.8594195,21,34,9,306,0.58496732,2202.84,1066.99,3269.83,"$2,402 "
378,JBA,2/22/26,28-Feb,Thu,2/19/26,0,0,0,160.2589641,0,34,9,0,0,1867,0,1867,"$3,961 "
379,JBA,2/22/26,28-Feb,Fri,2/20/26,0,0,0,137.3648264,0,34,9,0,0,2604.82,0,2604.82,"$2,587 "